1,"user1@example.com"
2,"user2@example.com"
3,"user3@example.com"
4,"user4@example.com"
5,"user5@example.com"
6,"user6@example.com"
7,"user7@example.com"
8,"user8@example.com"
9,"user9@example.com"
10,"user10@example.com"
11,"user11@example.com"
12,"user12@example.com"
13,"user13@example.com"
14,"user14@example.com"
15,"user15@example.com"
16,"user16@example.com"
17,"user17@example.com"
18,"user18@example.com"
19,"user19@example.com"
20,"user20@example.com"
21,"user21@example.com"
22,"user22@example.com"
23,"user23@example.com"
24,"user24@example.com"
25,"user25@example.com"
26,"user26@example.com"
27,"user27@example.com"
28,"user28@example.com"
29,"user29@example.com"
30,"user30@example.com"
31,"user31@example.com"
32,"user32@example.com"
33,"user33@example.com"
34,"user34@example.com"
35,"user35@example.com"
36,"user36@example.com"
37,"user37@example.com"
38,"user38@example.com"
39,"user39@example.com"
40,"user40@example.com"
41,"user41@example.com"
42,"user42@example.com"
43,"user43@example.com"
44,"user44@example.com"
45,"user45@example.com"
46,"user46@example.com"
47,"user47@example.com"
48,"user48@example.com"
49,"user49@example.com"
50,"user50@example.com"
51,"user51@example.com"
52,"user52@example.com"
53,"user53@example.com"
54,"user54@example.com"
55,"user55@example.com"
56,"user56@example.com"
57,"user57@example.com"
58,"user58@example.com"
59,"user59@example.com"
60,"user60@example.com"
61,"user61@example.com"
62,"user62@example.com"
63,"user63@example.com"
64,"user64@example.com"
65,"user65@example.com"
66,"user66@example.com"
67,"user67@example.com"
68,"user68@example.com"
69,"user69@example.com"
70,"user70@example.com"
71,"user71@example.com"
72,"user72@example.com"
73,"user73@example.com"
74,"user74@example.com"
75,"user75@example.com"
76,"user76@example.com"
77,"user77@example.com"
78,"user78@example.com"
79,"user79@example.com"
80,"user80@example.com"
81,"user81@example.com"
82,"user82@example.com"
83,"user83@example.com"
84,"user84@example.com"
85,"user85@example.com"
86,"user86@example.com"
87,"user87@example.com"
88,"user88@example.com"
89,"user89@example.com"
90,"user90@example.com"
91,"user91@example.com"
92,"user92@example.com"
93,"user93@example.com"
94,"user94@example.com"
95,"user95@example.com"
96,"user96@example.com"
97,"user97@example.com"
98,"user98@example.com"
99,"user99@example.com"
100,"user100@example.com"
101,"user101@example.com"
102,"user102@example.com"
103,"user103@example.com"
104,"user104@example.com"
105,"user105@example.com"
106,"user106@example.com"
107,"user107@example.com"
108,"user108@example.com"
109,"user109@example.com"
110,"user110@example.com"
111,"user111@example.com"
112,"user112@example.com"
113,"user113@example.com"
114,"user114@example.com"
115,"user115@example.com"
116,"user116@example.com"
117,"user117@example.com"
118,"user118@example.com"
119,"user119@example.com"
120,"user120@example.com"
121,"user121@example.com"
122,"user122@example.com"
123,"user123@example.com"
124,"user124@example.com"
125,"user125@example.com"
126,"user126@example.com"
127,"user127@example.com"
128,"user128@example.com"
129,"user129@example.com"
130,"user130@example.com"
131,"user131@example.com"
132,"user132@example.com"
133,"user133@example.com"
134,"user134@example.com"
135,"user135@example.com"
136,"user136@example.com"
137,"user137@example.com"
138,"user138@example.com"
139,"user139@example.com"
140,"user140@example.com"
141,"user141@example.com"
142,"user142@example.com"
143,"user143@example.com"
144,"user144@example.com"
145,"user145@example.com"
146,"user146@example.com"
147,"user147@example.com"
148,"user148@example.com"
149,"user149@example.com"
150,"user150@example.com"
151,"user151@example.com"
152,"user152@example.com"
153,"user153@example.com"
154,"user154@example.com"
155,"user155@example.com"
156,"user156@example.com"
157,"user157@example.com"
158,"user158@example.com"
159,"user159@example.com"
160,"user160@example.com"
161,"user161@example.com"
162,"user162@example.com"
163,"user163@example.com"
164,"user164@example.com"
165,"user165@example.com"
166,"user166@example.com"
167,"user167@example.com"
168,"user168@example.com"
169,"user169@example.com"
170,"user170@example.com"
171,"user171@example.com"
172,"user172@example.com"
173,"user173@example.com"
174,"user174@example.com"
175,"user175@example.com"
176,"user176@example.com"
177,"user177@example.com"
178,"user178@example.com"
179,"user179@example.com"
180,"user180@example.com"
181,"user181@example.com"
182,"user182@example.com"
183,"user183@example.com"
184,"user184@example.com"
185,"user185@example.com"
186,"user186@example.com"
187,"user187@example.com"
188,"user188@example.com"
189,"user189@example.com"
190,"user190@example.com"
191,"user191@example.com"
192,"user192@example.com"
193,"user193@example.com"
194,"user194@example.com"
195,"user195@example.com"
196,"user196@example.com"
197,"user197@example.com"
198,"user198@example.com"
199,"user199@example.com"
200,"user200@example.com"
201,"user201@example.com"
202,"user202@example.com"
203,"user203@example.com"
204,"user204@example.com"
205,"user205@example.com"
206,"user206@example.com"
207,"user207@example.com"
208,"user208@example.com"
209,"user209@example.com"
210,"user210@example.com"
211,"user211@example.com"
212,"user212@example.com"
213,"user213@example.com"
214,"user214@example.com"
215,"user215@example.com"
216,"user216@example.com"
217,"user217@example.com"
218,"user218@example.com"
219,"user219@example.com"
220,"user220@example.com"
221,"user221@example.com"
222,"user222@example.com"
223,"user223@example.com"
224,"user224@example.com"
225,"user225@example.com"
226,"user226@example.com"
227,"user227@example.com"
228,"user228@example.com"
229,"user229@example.com"
230,"user230@example.com"
231,"user231@example.com"
232,"user232@example.com"
233,"user233@example.com"
234,"user234@example.com"
235,"user235@example.com"
236,"user236@example.com"
237,"user237@example.com"
238,"user238@example.com"
239,"user239@example.com"
240,"user240@example.com"
241,"user241@example.com"
242,"user242@example.com"
243,"user243@example.com"
244,"user244@example.com"
245,"user245@example.com"
246,"user246@example.com"
247,"user247@example.com"
248,"user248@example.com"
249,"user249@example.com"
250,"user250@example.com"
251,"user251@example.com"
252,"user252@example.com"
253,"user253@example.com"
254,"user254@example.com"
255,"user255@example.com"
256,"user256@example.com"
257,"user257@example.com"
258,"user258@example.com"
259,"user259@example.com"
260,"user260@example.com"
261,"user261@example.com"
262,"user262@example.com"
263,"user263@example.com"
264,"user264@example.com"
265,"user265@example.com"
266,"user266@example.com"
267,"user267@example.com"
268,"user268@example.com"
269,"user269@example.com"
270,"user270@example.com"
271,"user271@example.com"
272,"user272@example.com"
273,"user273@example.com"
274,"user274@example.com"
275,"user275@example.com"
276,"user276@example.com"
277,"user277@example.com"
278,"user278@example.com"
279,"user279@example.com"
280,"user280@example.com"
281,"user281@example.com"
282,"user282@example.com"
283,"user283@example.com"
284,"user284@example.com"
285,"user285@example.com"
286,"user286@example.com"
287,"user287@example.com"
288,"user288@example.com"
289,"user289@example.com"
290,"user290@example.com"
291,"user291@example.com"
292,"user292@example.com"
293,"user293@example.com"
294,"user294@example.com"
295,"user295@example.com"
296,"user296@example.com"
297,"user297@example.com"
298,"user298@example.com"
299,"user299@example.com"
300,"user300@example.com"
301,"user301@example.com"
302,"user302@example.com"
303,"user303@example.com"
304,"user304@example.com"
305,"user305@example.com"
306,"user306@example.com"
307,"user307@example.com"
308,"user308@example.com"
309,"user309@example.com"
310,"user310@example.com"
311,"user311@example.com"
312,"user312@example.com"
313,"user313@example.com"
314,"user314@example.com"
315,"user315@example.com"
316,"user316@example.com"
317,"user317@example.com"
318,"user318@example.com"
319,"user319@example.com"
320,"user320@example.com"
321,"user321@example.com"
322,"user322@example.com"
323,"user323@example.com"
324,"user324@example.com"
325,"user325@example.com"
326,"user326@example.com"
327,"user327@example.com"
328,"user328@example.com"
329,"user329@example.com"
330,"user330@example.com"
331,"user331@example.com"
332,"user332@example.com"
333,"user333@example.com"
334,"user334@example.com"
335,"user335@example.com"
336,"user336@example.com"
337,"user337@example.com"
338,"user338@example.com"
339,"user339@example.com"
340,"user340@example.com"
341,"user341@example.com"
342,"user342@example.com"
343,"user343@example.com"
344,"user344@example.com"
345,"user345@example.com"
346,"user346@example.com"
347,"user347@example.com"
348,"user348@example.com"
349,"user349@example.com"
350,"user350@example.com"
351,"user351@example.com"
352,"user352@example.com"
353,"user353@example.com"
354,"user354@example.com"
355,"user355@example.com"
356,"user356@example.com"
357,"user357@example.com"
358,"user358@example.com"
359,"user359@example.com"
360,"user360@example.com"
361,"user361@example.com"
362,"user362@example.com"
363,"user363@example.com"
364,"user364@example.com"
365,"user365@example.com"
366,"user366@example.com"
367,"user367@example.com"
368,"user368@example.com"
369,"user369@example.com"
370,"user370@example.com"
371,"user371@example.com"
372,"user372@example.com"
373,"user373@example.com"
374,"user374@example.com"
375,"user375@example.com"
376,"user376@example.com"
377,"user377@example.com"
378,"user378@example.com"
379,"user379@example.com"
380,"user380@example.com"
381,"user381@example.com"
382,"user382@example.com"
383,"user383@example.com"
384,"user384@example.com"
385,"user385@example.com"
386,"user386@example.com"
387,"user387@example.com"
388,"user388@example.com"
389,"user389@example.com"
390,"user390@example.com"
391,"user391@example.com"
392,"user392@example.com"
393,"user393@example.com"
394,"user394@example.com"
395,"user395@example.com"
396,"user396@example.com"
397,"user397@example.com"
398,"user398@example.com"
399,"user399@example.com"
400,"user400@example.com"
401,"user401@example.com"
402,"user402@example.com"
403,"user403@example.com"
404,"user404@example.com"
405,"user405@example.com"
406,"user406@example.com"
407,"user407@example.com"
408,"user408@example.com"
409,"user409@example.com"
410,"user410@example.com"
411,"user411@example.com"
412,"user412@example.com"
413,"user413@example.com"
414,"user414@example.com"
415,"user415@example.com"
416,"user416@example.com"
417,"user417@example.com"
418,"user418@example.com"
419,"user419@example.com"
420,"user420@example.com"
421,"user421@example.com"
422,"user422@example.com"
423,"user423@example.com"
424,"user424@example.com"
425,"user425@example.com"
426,"user426@example.com"
427,"user427@example.com"
428,"user428@example.com"
429,"user429@example.com"
430,"user430@example.com"
431,"user431@example.com"
432,"user432@example.com"
433,"user433@example.com"
434,"user434@example.com"
435,"user435@example.com"
436,"user436@example.com"
437,"user437@example.com"
438,"user438@example.com"
439,"user439@example.com"
440,"user440@example.com"
441,"user441@example.com"
442,"user442@example.com"
443,"user443@example.com"
444,"user444@example.com"
445,"user445@example.com"
446,"user446@example.com"
447,"user447@example.com"
448,"user448@example.com"
449,"user449@example.com"
450,"user450@example.com"
451,"user451@example.com"
452,"user452@example.com"
453,"user453@example.com"
454,"user454@example.com"
455,"user455@example.com"
456,"user456@example.com"
457,"user457@example.com"
458,"user458@example.com"
459,"user459@example.com"
460,"user460@example.com"
461,"user461@example.com"
462,"user462@example.com"
463,"user463@example.com"
464,"user464@example.com"
465,"user465@example.com"
466,"user466@example.com"
467,"user467@example.com"
468,"user468@example.com"
469,"user469@example.com"
470,"user470@example.com"
471,"user471@example.com"
472,"user472@example.com"
473,"user473@example.com"
474,"user474@example.com"
475,"user475@example.com"
476,"user476@example.com"
477,"user477@example.com"
478,"user478@example.com"
479,"user479@example.com"
480,"user480@example.com"
481,"user481@example.com"
482,"user482@example.com"
483,"user483@example.com"
484,"user484@example.com"
485,"user485@example.com"
486,"user486@example.com"
487,"user487@example.com"
488,"user488@example.com"
489,"user489@example.com"
490,"user490@example.com"
491,"user491@example.com"
492,"user492@example.com"
493,"user493@example.com"
494,"user494@example.com"
495,"user495@example.com"
496,"user496@example.com"
497,"user497@example.com"
498,"user498@example.com"
499,"user499@example.com"
500,"user500@example.com"
501,"user501@example.com"
502,"user502@example.com"
503,"user503@example.com"
504,"user504@example.com"
505,"user505@example.com"
506,"user506@example.com"
507,"user507@example.com"
508,"user508@example.com"
509,"user509@example.com"
510,"user510@example.com"
511,"user511@example.com"
512,"user512@example.com"
513,"user513@example.com"
514,"user514@example.com"
515,"user515@example.com"
516,"user516@example.com"
517,"user517@example.com"
518,"user518@example.com"
519,"user519@example.com"
520,"user520@example.com"
521,"user521@example.com"
522,"user522@example.com"
523,"user523@example.com"
524,"user524@example.com"
525,"user525@example.com"
526,"user526@example.com"
527,"user527@example.com"
528,"user528@example.com"
529,"user529@example.com"
530,"user530@example.com"
531,"user531@example.com"
532,"user532@example.com"
533,"user533@example.com"
534,"user534@example.com"
535,"user535@example.com"
536,"user536@example.com"
537,"user537@example.com"
538,"user538@example.com"
539,"user539@example.com"
540,"user540@example.com"
541,"user541@example.com"
542,"user542@example.com"
543,"user543@example.com"
544,"user544@example.com"
545,"user545@example.com"
546,"user546@example.com"
547,"user547@example.com"
548,"user548@example.com"
549,"user549@example.com"
550,"user550@example.com"
551,"user551@example.com"
552,"user552@example.com"
553,"user553@example.com"
554,"user554@example.com"
555,"user555@example.com"
556,"user556@example.com"
557,"user557@example.com"
558,"user558@example.com"
559,"user559@example.com"
560,"user560@example.com"
561,"user561@example.com"
562,"user562@example.com"
563,"user563@example.com"
564,"user564@example.com"
565,"user565@example.com"
566,"user566@example.com"
567,"user567@example.com"
568,"user568@example.com"
569,"user569@example.com"
570,"user570@example.com"
571,"user571@example.com"
572,"user572@example.com"
573,"user573@example.com"
574,"user574@example.com"
575,"user575@example.com"
576,"user576@example.com"
577,"user577@example.com"
578,"user578@example.com"
579,"user579@example.com"
580,"user580@example.com"
581,"user581@example.com"
582,"user582@example.com"
583,"user583@example.com"
584,"user584@example.com"
585,"user585@example.com"
586,"user586@example.com"
587,"user587@example.com"
588,"user588@example.com"
589,"user589@example.com"
590,"user590@example.com"
591,"user591@example.com"
592,"user592@example.com"
593,"user593@example.com"
594,"user594@example.com"
595,"user595@example.com"
596,"user596@example.com"
597,"user597@example.com"
598,"user598@example.com"
599,"user599@example.com"
600,"user600@example.com"
601,"user601@example.com"
602,"user602@example.com"
603,"user603@example.com"
604,"user604@example.com"
605,"user605@example.com"
606,"user606@example.com"
607,"user607@example.com"
608,"user608@example.com"
609,"user609@example.com"
610,"user610@example.com"
611,"user611@example.com"
612,"user612@example.com"
613,"user613@example.com"
614,"user614@example.com"
615,"user615@example.com"
616,"user616@example.com"
617,"user617@example.com"
618,"user618@example.com"
619,"user619@example.com"
620,"user620@example.com"
621,"user621@example.com"
622,"user622@example.com"
623,"user623@example.com"
624,"user624@example.com"
625,"user625@example.com"
626,"user626@example.com"
627,"user627@example.com"
628,"user628@example.com"
629,"user629@example.com"
630,"user630@example.com"
631,"user631@example.com"
632,"user632@example.com"
633,"user633@example.com"
634,"user634@example.com"
635,"user635@example.com"
636,"user636@example.com"
637,"user637@example.com"
638,"user638@example.com"
639,"user639@example.com"
640,"user640@example.com"
641,"user641@example.com"
642,"user642@example.com"
643,"user643@example.com"
644,"user644@example.com"
645,"user645@example.com"
646,"user646@example.com"
647,"user647@example.com"
648,"user648@example.com"
649,"user649@example.com"
650,"user650@example.com"
651,"user651@example.com"
652,"user652@example.com"
653,"user653@example.com"
654,"user654@example.com"
655,"user655@example.com"
656,"user656@example.com"
657,"user657@example.com"
658,"user658@example.com"
659,"user659@example.com"
660,"user660@example.com"
661,"user661@example.com"
662,"user662@example.com"
663,"user663@example.com"
664,"user664@example.com"
665,"user665@example.com"
666,"user666@example.com"
667,"user667@example.com"
668,"user668@example.com"
669,"user669@example.com"
670,"user670@example.com"
671,"user671@example.com"
672,"user672@example.com"
673,"user673@example.com"
674,"user674@example.com"
675,"user675@example.com"
676,"user676@example.com"
677,"user677@example.com"
678,"user678@example.com"
679,"user679@example.com"
680,"user680@example.com"
681,"user681@example.com"
682,"user682@example.com"
683,"user683@example.com"
684,"user684@example.com"
685,"user685@example.com"
686,"user686@example.com"
687,"user687@example.com"
688,"user688@example.com"
689,"user689@example.com"
690,"user690@example.com"
691,"user691@example.com"
692,"user692@example.com"
693,"user693@example.com"
694,"user694@example.com"
695,"user695@example.com"
696,"user696@example.com"
697,"user697@example.com"
698,"user698@example.com"
699,"user699@example.com"
700,"user700@example.com"
701,"user701@example.com"
702,"user702@example.com"
703,"user703@example.com"
704,"user704@example.com"
705,"user705@example.com"
706,"user706@example.com"
707,"user707@example.com"
708,"user708@example.com"
709,"user709@example.com"
710,"user710@example.com"
711,"user711@example.com"
712,"user712@example.com"
713,"user713@example.com"
714,"user714@example.com"
715,"user715@example.com"
716,"user716@example.com"
717,"user717@example.com"
718,"user718@example.com"
719,"user719@example.com"
720,"user720@example.com"
721,"user721@example.com"
722,"user722@example.com"
723,"user723@example.com"
724,"user724@example.com"
725,"user725@example.com"
726,"user726@example.com"
727,"user727@example.com"
728,"user728@example.com"
729,"user729@example.com"
730,"user730@example.com"
731,"user731@example.com"
732,"user732@example.com"
733,"user733@example.com"
734,"user734@example.com"
735,"user735@example.com"
736,"user736@example.com"
737,"user737@example.com"
738,"user738@example.com"
739,"user739@example.com"
740,"user740@example.com"
741,"user741@example.com"
742,"user742@example.com"
743,"user743@example.com"
744,"user744@example.com"
745,"user745@example.com"
746,"user746@example.com"
747,"user747@example.com"
748,"user748@example.com"
749,"user749@example.com"
750,"user750@example.com"
751,"user751@example.com"
752,"user752@example.com"
753,"user753@example.com"
754,"user754@example.com"
755,"user755@example.com"
756,"user756@example.com"
757,"user757@example.com"
758,"user758@example.com"
759,"user759@example.com"
760,"user760@example.com"
761,"user761@example.com"
762,"user762@example.com"
763,"user763@example.com"
764,"user764@example.com"
765,"user765@example.com"
766,"user766@example.com"
767,"user767@example.com"
768,"user768@example.com"
769,"user769@example.com"
770,"user770@example.com"
771,"user771@example.com"
772,"user772@example.com"
773,"user773@example.com"
774,"user774@example.com"
775,"user775@example.com"
776,"user776@example.com"
777,"user777@example.com"
778,"user778@example.com"
779,"user779@example.com"
780,"user780@example.com"
781,"user781@example.com"
782,"user782@example.com"
783,"user783@example.com"
784,"user784@example.com"
785,"user785@example.com"
786,"user786@example.com"
787,"user787@example.com"
788,"user788@example.com"
789,"user789@example.com"
790,"user790@example.com"
791,"user791@example.com"
792,"user792@example.com"
793,"user793@example.com"
794,"user794@example.com"
795,"user795@example.com"
796,"user796@example.com"
797,"user797@example.com"
798,"user798@example.com"
799,"user799@example.com"
800,"user800@example.com"
801,"user801@example.com"
802,"user802@example.com"
803,"user803@example.com"
804,"user804@example.com"
805,"user805@example.com"
806,"user806@example.com"
807,"user807@example.com"
808,"user808@example.com"
809,"user809@example.com"
810,"user810@example.com"
811,"user811@example.com"
812,"user812@example.com"
813,"user813@example.com"
814,"user814@example.com"
815,"user815@example.com"
816,"user816@example.com"
817,"user817@example.com"
818,"user818@example.com"
819,"user819@example.com"
820,"user820@example.com"
821,"user821@example.com"
822,"user822@example.com"
823,"user823@example.com"
824,"user824@example.com"
825,"user825@example.com"
826,"user826@example.com"
827,"user827@example.com"
828,"user828@example.com"
829,"user829@example.com"
830,"user830@example.com"
831,"user831@example.com"
832,"user832@example.com"
833,"user833@example.com"
834,"user834@example.com"
835,"user835@example.com"
836,"user836@example.com"
837,"user837@example.com"
838,"user838@example.com"
839,"user839@example.com"
840,"user840@example.com"
841,"user841@example.com"
842,"user842@example.com"
843,"user843@example.com"
844,"user844@example.com"
845,"user845@example.com"
846,"user846@example.com"
847,"user847@example.com"
848,"user848@example.com"
849,"user849@example.com"
850,"user850@example.com"
851,"user851@example.com"
852,"user852@example.com"
853,"user853@example.com"
854,"user854@example.com"
855,"user855@example.com"
856,"user856@example.com"
857,"user857@example.com"
858,"user858@example.com"
859,"user859@example.com"
860,"user860@example.com"
861,"user861@example.com"
862,"user862@example.com"
863,"user863@example.com"
864,"user864@example.com"
865,"user865@example.com"
866,"user866@example.com"
867,"user867@example.com"
868,"user868@example.com"
869,"user869@example.com"
870,"user870@example.com"
871,"user871@example.com"
872,"user872@example.com"
873,"user873@example.com"
874,"user874@example.com"
875,"user875@example.com"
876,"user876@example.com"
877,"user877@example.com"
878,"user878@example.com"
879,"user879@example.com"
880,"user880@example.com"
881,"user881@example.com"
882,"user882@example.com"
883,"user883@example.com"
884,"user884@example.com"
885,"user885@example.com"
886,"user886@example.com"
887,"user887@example.com"
888,"user888@example.com"
889,"user889@example.com"
890,"user890@example.com"
891,"user891@example.com"
892,"user892@example.com"
893,"user893@example.com"
894,"user894@example.com"
895,"user895@example.com"
896,"user896@example.com"
897,"user897@example.com"
898,"user898@example.com"
899,"user899@example.com"
900,"user900@example.com"
901,"user901@example.com"
902,"user902@example.com"
903,"user903@example.com"
904,"user904@example.com"
905,"user905@example.com"
906,"user906@example.com"
907,"user907@example.com"
908,"user908@example.com"
909,"user909@example.com"
910,"user910@example.com"
911,"user911@example.com"
912,"user912@example.com"
913,"user913@example.com"
914,"user914@example.com"
915,"user915@example.com"
916,"user916@example.com"
917,"user917@example.com"
918,"user918@example.com"
919,"user919@example.com"
920,"user920@example.com"
921,"user921@example.com"
922,"user922@example.com"
923,"user923@example.com"
924,"user924@example.com"
925,"user925@example.com"
926,"user926@example.com"
927,"user927@example.com"
928,"user928@example.com"
929,"user929@example.com"
930,"user930@example.com"
931,"user931@example.com"
932,"user932@example.com"
933,"user933@example.com"
934,"user934@example.com"
935,"user935@example.com"
936,"user936@example.com"
937,"user937@example.com"
938,"user938@example.com"
939,"user939@example.com"
940,"user940@example.com"
941,"user941@example.com"
942,"user942@example.com"
943,"user943@example.com"
944,"user944@example.com"
945,"user945@example.com"
946,"user946@example.com"
947,"user947@example.com"
948,"user948@example.com"
949,"user949@example.com"
950,"user950@example.com"
951,"user951@example.com"
952,"user952@example.com"
953,"user953@example.com"
954,"user954@example.com"
955,"user955@example.com"
956,"user956@example.com"
957,"user957@example.com"
958,"user958@example.com"
959,"user959@example.com"
960,"user960@example.com"
961,"user961@example.com"
962,"user962@example.com"
963,"user963@example.com"
964,"user964@example.com"
965,"user965@example.com"
966,"user966@example.com"
967,"user967@example.com"
968,"user968@example.com"
969,"user969@example.com"
970,"user970@example.com"
971,"user971@example.com"
972,"user972@example.com"
973,"user973@example.com"
974,"user974@example.com"
975,"user975@example.com"
976,"user976@example.com"
977,"user977@example.com"
978,"user978@example.com"
979,"user979@example.com"
980,"user980@example.com"
981,"user981@example.com"
982,"user982@example.com"
983,"user983@example.com"
984,"user984@example.com"
985,"user985@example.com"
986,"user986@example.com"
987,"user987@example.com"
988,"user988@example.com"
989,"user989@example.com"
990,"user990@example.com"
991,"user991@example.com"
992,"user992@example.com"
993,"user993@example.com"
994,"user994@example.com"
995,"user995@example.com"
996,"user996@example.com"
997,"user997@example.com"
998,"user998@example.com"
999,"user999@example.com"
1000,"user1000@example.com"
